id,loss,time
143,1.599601149559021,2021-09-09 01:51:06.223682+10:00
